City,Cloudiness,Country,Date,Humidity,Lat,Lng,Max Temp,Wind Speed
Avarua,93,CK,1600152016,68,-21.21,-159.78,71.6,6.93
Tilichiki,96,RU,1600152016,73,60.47,166.1,44.76,9.8
Hay River,75,CA,1600151799,87,60.82,-115.8,42.8,6.93
Arman',100,RU,1600152017,77,59.7,150.17,53.55,5.44
Provideniya,75,RU,1600152017,71,64.38,-173.3,50.0,11.18
Kaitangata,96,NZ,1600152017,64,-46.28,169.85,45.0,4.0
Port Blair,99,IN,1600152017,66,11.67,92.75,86.74,8.84
Masakin,75,TN,1600152018,88,35.73,10.58,75.2,13.87
Lüderitz,0,NA,1600152018,64,-26.65,15.16,56.77,16.69
Punta Arenas,94,CL,1600152018,80,-53.15,-70.92,37.0,29.97
San Ignacio,71,BZ,1600152021,80,17.16,-89.07,78.01,1.1
Hithadhoo,0,MV,1600152021,66,-0.6,73.08,81.61,3.33
Port Pirie,1,AU,1600152021,40,-33.18,138.02,69.8,9.17
Bintulu,20,MY,1600152021,70,3.17,113.03,89.6,8.05
Klaksvík,100,FO,1600152022,87,62.23,-6.59,46.4,2.24
Lagoa,100,PT,1600152022,60,39.05,-27.98,65.86,15.12
Hobart,75,AU,1600152022,41,-42.88,147.33,60.8,19.46
Ushuaia,90,AR,1600152022,92,-54.8,-68.3,35.6,18.34
Thinadhoo,55,MV,1600152023,68,0.53,72.93,82.49,4.97
Sydney,0,AU,1600151986,53,-33.87,151.21,71.6,19.46
Kirakira,100,SB,1600152023,77,-10.45,161.92,81.21,22.48
Alta Floresta,69,BR,1600152023,34,-9.88,-56.09,68.05,3.56
Geraldton,0,AU,1600152024,57,-28.77,114.6,75.2,17.22
Bredasdorp,0,ZA,1600152024,87,-34.53,20.04,46.4,2.24
New Norfolk,98,AU,1600152024,56,-42.78,147.06,59.0,11.01
Qaanaaq,0,GL,1600152024,87,77.48,-69.36,23.9,8.46
Keetmanshoop,0,NA,1600152025,32,-26.58,18.13,56.91,6.22
São Miguel do Araguaia,87,BR,1600152025,43,-13.28,-50.16,76.37,6.44
General Roca,85,AR,1600152025,75,-39.03,-67.58,41.0,6.29
Ende,26,ID,1600152025,46,-8.84,121.66,85.03,6.87
Yellowknife,90,CA,1600152026,88,62.46,-114.35,41.0,10.29
Rikitea,100,PF,1600152026,84,-23.12,-134.97,73.69,10.25
Nishihara,75,JP,1600152026,79,26.18,127.76,87.8,6.93
Tiksi,10,RU,1600152026,80,71.69,128.87,45.32,6.24
Butaritari,43,KI,1600152027,77,3.07,172.79,83.89,18.23
Port-Gentil,75,GA,1600152027,88,-0.72,8.78,77.0,11.41
Tautira,20,PF,1600152027,74,-17.73,-149.15,80.01,3.36
Severnyy,10,RU,1600152028,72,50.68,36.55,62.6,8.95
Calabar,100,NG,1600152030,94,4.95,8.32,75.6,0.87
Marzuq,0,YE,1600152030,13,14.4,46.47,89.74,2.55
Praia,82,CV,1600152030,83,14.92,-23.51,78.26,10.63
Aksarka,100,RU,1600152030,81,66.56,67.8,54.28,18.01
Donegal,94,IE,1600152031,91,54.65,-8.12,56.53,3.47
Busselton,0,AU,1600152031,31,-33.65,115.33,75.99,13.53
Sabang,65,ID,1600152031,70,5.89,95.32,83.77,16.55
Iwanai,100,JP,1600152031,86,42.97,140.51,64.78,6.93
North Bend,75,US,1600152032,88,43.41,-124.22,62.6,6.93
Ponta do Sol,20,PT,1600152032,77,32.67,-17.1,68.0,2.24
Salé,40,MA,1600152032,93,34.04,-6.82,66.99,3.36
Albany,0,US,1600151990,96,42.6,-73.97,48.0,4.05
Masumbwe,0,TZ,1600152033,35,-3.63,32.18,81.48,8.28
Saint Paul Harbor,20,US,1600152033,66,57.79,-152.41,53.6,10.16
Atuona,0,PF,1600152033,72,-9.8,-139.03,78.49,16.84
Abnūb,0,EG,1600152033,34,27.27,31.15,88.03,11.21
Pisco,49,PE,1600152034,87,-13.7,-76.22,57.2,3.36
Bluff,68,NZ,1600152034,84,-46.6,168.33,43.0,7.0
Tasiilaq,100,GL,1600152034,94,65.61,-37.64,29.62,5.64
Santa Fe,88,AR,1600151861,55,-31.63,-60.7,52.0,3.0
Bestöbe,0,KZ,1600152035,21,52.5,73.1,79.5,22.21
Matara,24,LK,1600152035,69,5.95,80.54,85.44,13.71
Dudinka,75,RU,1600152035,76,69.41,86.18,55.4,17.9
Garoowe,8,SO,1600152035,41,8.41,48.48,89.1,26.35
San Cristobal,61,VE,1600152036,83,7.77,-72.22,66.29,1.9
Shelburne,1,CA,1600152036,86,44.08,-80.2,39.0,1.5
Mar del Plata,0,AR,1600152036,86,-38.0,-57.56,43.0,6.93
Rio Bananal,12,BR,1600152036,95,-19.27,-40.33,65.05,3.11
Vila Franca do Campo,20,PT,1600152037,67,37.72,-25.43,62.6,8.05
Mataura,60,NZ,1600152038,84,-46.19,168.86,43.0,7.0
Souillac,75,MU,1600152038,56,-20.52,57.52,69.8,16.11
Tual,89,ID,1600151940,78,-5.67,132.75,79.61,15.68
Atar,1,MR,1600152039,36,20.52,-13.05,88.56,3.53
Road Town,17,VG,1600151792,91,18.42,-64.62,82.99,1.01
Sitka,1,US,1600152039,66,57.05,-135.33,53.6,3.36
Lázaro Cárdenas,18,MX,1600152040,87,17.96,-102.2,78.44,4.09
East London,0,ZA,1600152040,54,-33.02,27.91,59.0,10.29
Harper,42,LR,1600152040,89,4.38,-7.72,75.47,9.64
Carnarvon,0,AU,1600151931,69,-24.87,113.63,77.0,14.99
Varadero,20,CU,1600152041,100,23.15,-81.25,75.2,4.7
Praia da Vitória,40,PT,1600152041,52,38.73,-27.07,66.2,14.76
Port Hardy,90,CA,1600152041,100,50.7,-127.42,51.8,3.36
Le Port,90,RE,1600152042,53,-20.94,55.29,71.6,20.8
La Ronge,90,CA,1600152042,93,55.1,-105.28,44.6,4.7
Saint-Augustin,8,CA,1600152042,62,51.23,-58.65,43.81,15.99
Kapaa,20,US,1600151914,69,22.08,-159.32,80.6,11.41
Atambua,61,ID,1600152043,45,-9.11,124.89,82.53,3.24
Bayamo,30,CU,1600152043,94,20.38,-76.64,77.0,2.24
Spanish Fork,1,US,1600152043,44,40.12,-111.65,64.99,8.05
Ancud,100,CL,1600152043,97,-41.87,-73.82,48.99,3.0
Makakilo City,20,US,1600152044,61,21.35,-158.09,80.6,4.7
Itarema,52,BR,1600152044,78,-2.92,-39.92,75.58,15.43
São Filipe,44,CV,1600152044,81,14.9,-24.5,78.73,3.96
Nang Rong,40,TH,1600152045,74,14.64,102.79,90.0,2.24
Bengkulu,10,ID,1600152045,74,-3.8,102.27,83.5,11.52
Lompoc,90,US,1600152045,93,34.64,-120.46,57.2,6.13
Simao,96,CN,1600151751,71,22.79,100.97,77.72,4.52
Iqaluit,20,CA,1600152045,69,63.75,-68.51,37.0,13.87
Aklavik,75,CA,1600152046,89,68.22,-135.01,32.0,6.93
Marawi,99,PH,1600152046,80,8.0,124.29,84.0,5.01
Codrington,100,AU,1600152046,81,-38.27,141.97,53.83,7.05
Port Alfred,67,ZA,1600152046,65,-33.59,26.89,58.53,7.54
Clyde River,75,CA,1600152047,100,70.47,-68.59,28.4,2.24
Ilhabela,100,BR,1600152047,88,-23.78,-45.36,69.33,9.78
Thompson,40,CA,1600152047,100,55.74,-97.86,28.4,2.24
Dikson,100,RU,1600152047,83,73.51,80.55,44.64,18.5
‘Ewa Beach,20,US,1600152048,61,21.32,-158.01,80.6,4.7
‘Āhuimanu,40,US,1600152048,65,21.44,-157.84,80.6,6.93
Sobolevo,100,RU,1600152049,94,54.43,31.9,59.32,10.87
Anadyr,40,RU,1600152049,87,64.75,177.48,50.0,4.47
Tuktoyaktuk,50,CA,1600152049,94,69.45,-133.04,30.56,10.94
Saint-Philippe,47,RE,1600152049,60,-21.36,55.77,71.6,21.92
Hilo,90,US,1600151980,65,19.73,-155.09,78.8,6.93
Marabu,40,MY,1600152050,78,4.41,114.01,82.4,2.24
Esperance,0,AU,1600152050,50,-33.87,121.9,77.0,11.41
Sarmanovo,75,RU,1600152050,81,55.26,52.59,50.0,15.66
Port Elizabeth,51,ZA,1600152050,60,-33.92,25.57,57.99,1.01
George Town,20,MY,1600152051,66,5.41,100.34,86.0,8.05
Mahébourg,75,MU,1600152051,56,-20.41,57.7,69.8,16.11
Elko,1,US,1600151810,26,41.0,-115.5,61.0,3.36
Ilulissat,9,GL,1600152051,33,69.22,-51.1,30.2,6.93
Maceió,75,BR,1600152051,100,-9.67,-35.74,68.0,2.24
Hofn,1,IS,1600152052,58,64.25,-15.21,45.97,9.24
Palmer,1,US,1600151951,75,42.16,-72.33,50.0,4.7
Hargeisa,0,SO,1600152052,46,9.56,44.06,80.02,25.68
Guerrero Negro,0,MX,1600152052,52,27.98,-114.06,77.85,8.59
Vizinga,100,RU,1600152053,93,61.07,50.1,46.15,7.38
Borazjan,40,IR,1600152053,50,29.27,51.22,96.8,4.61
Bandarbeyla,0,SO,1600152053,46,9.49,50.81,90.03,26.13
Tegul'det,63,RU,1600152053,48,57.31,88.17,65.05,8.63
Pacific Grove,4,US,1600152020,95,36.62,-121.92,59.0,4.45
Turukhansk,100,RU,1600152054,64,65.82,87.98,58.66,13.69
Dingle,100,PH,1600152054,93,11.0,122.67,77.47,10.94
Korla,77,CN,1600152054,18,41.76,86.15,77.05,10.69
Ginir,79,ET,1600152055,63,7.13,40.7,67.64,3.47
Omsukchan,100,RU,1600152055,61,62.53,155.8,45.25,4.41
Saint-Paul,90,RE,1600152055,53,-21.01,55.27,71.6,20.8
Caxito,75,AO,1600152055,94,-8.58,13.66,69.8,5.82
Touros,20,BR,1600152056,100,-5.2,-35.46,68.0,3.36
Luau,55,AO,1600152056,37,-10.71,22.22,82.02,3.33
Northam,100,GB,1600152056,78,51.03,-4.22,62.01,1.99
Klyuchi,100,RU,1600152056,25,52.27,79.17,75.67,7.38
Pokhara,97,NP,1600151822,77,28.23,83.98,79.16,3.4
Taree,7,AU,1600152057,60,-31.9,152.47,69.8,12.75
Longyearbyen,75,SJ,1600152057,86,78.22,15.64,33.8,10.29
Jamestown,1,US,1600152057,81,42.1,-79.24,45.0,1.88
Bethel,1,US,1600152058,62,41.37,-73.41,51.8,5.82
Ostrovnoy,94,RU,1600152058,81,68.05,39.51,48.97,20.71
Seymchan,99,RU,1600152058,53,62.88,152.43,51.44,5.01
Gobabis,0,NA,1600152058,23,-22.45,18.97,68.79,5.37
Tamworth,67,GB,1600152058,93,52.63,-1.7,57.99,2.24
Chokurdakh,100,RU,1600152059,80,70.63,147.92,45.37,8.75
Terra Santa,1,BR,1600152059,82,-2.1,-56.49,75.2,2.15
Shimizu,75,JP,1600152059,82,43.01,142.88,62.6,6.93
Abhā,40,SA,1600152060,25,18.22,42.51,80.6,7.74
Mucuri,21,BR,1600152060,90,-18.09,-39.55,70.86,7.43
Lichinga,0,MZ,1600152060,64,-13.31,35.24,68.0,16.11
Pauini,11,BR,1600152060,93,-7.71,-66.98,71.2,2.01
Norwich,0,GB,1600152013,87,52.63,1.3,64.0,1.12
Hambantota,40,LK,1600152061,66,6.12,81.12,91.4,16.11
La Orilla,18,MX,1600152061,89,17.98,-102.23,77.74,4.29
Kavieng,100,PG,1600152061,77,-2.57,150.8,83.64,11.48
Kropotkin,0,RU,1600152062,38,45.44,40.58,74.62,6.35
Cape Town,0,ZA,1600152040,81,-33.93,18.42,57.99,2.24
Valparaíso,90,CL,1600152062,93,-33.04,-71.63,42.8,2.24
Yulara,0,AU,1600152062,16,-25.24,130.99,86.0,5.82
Kiunga,100,PG,1600152066,93,-6.12,141.29,81.32,2.59
Sulangan,100,PH,1600152066,75,11.14,123.72,82.53,2.13
Kuril'sk,85,RU,1600152067,63,45.23,147.88,58.84,6.98
Cayenne,75,GF,1600152067,100,4.93,-52.33,75.2,5.12
Pumiao,40,CN,1600152067,59,22.75,108.48,91.4,4.47
Seka,100,TH,1600152067,58,17.93,103.96,90.84,4.5
Cidreira,100,BR,1600152067,64,-30.18,-50.21,52.36,3.62
Houma,1,US,1600152068,88,29.6,-90.72,80.01,6.93
Castro,98,BR,1600152068,84,-24.79,-50.01,56.43,12.88
Rusera,92,IN,1600152068,64,25.75,86.03,89.4,7.14
Ati,11,TD,1600152068,70,13.22,18.34,80.01,5.53
Ribas do Rio Pardo,0,BR,1600152069,36,-20.44,-53.76,68.76,3.13
Nikolskoye,20,RU,1600152069,87,59.7,30.79,55.0,8.95
Gamba,100,GA,1600152069,86,-2.65,10.0,75.2,6.26
Talnakh,75,RU,1600152069,76,69.49,88.4,55.4,17.9
Roebourne,0,AU,1600152070,21,-20.78,117.13,92.7,19.39
Arrondissement d'Ajaccio,100,FR,1600151956,77,42.0,8.92,64.4,5.82
Pargas,76,FI,1600152070,93,60.31,22.3,57.0,1.12
Ucluelet,99,CA,1600151816,79,48.93,-125.55,64.0,1.01
Labytnangi,100,RU,1600152072,90,66.66,66.42,51.04,8.48
Kabinda,0,CD,1600152073,64,-6.13,24.48,78.84,5.77
Boa Vista,100,BR,1600152073,69,2.82,-60.67,82.4,6.93
Adrar,94,MR,1600151885,23,20.5,-10.07,91.67,7.45
Gejiu,99,CN,1600152073,85,23.31,103.16,70.2,6.51
Lebu,100,CL,1600152074,93,-37.62,-73.65,49.87,15.77
Uvarovka,61,RU,1600152074,88,55.53,35.61,56.62,9.46
Peruíbe,100,BR,1600152074,89,-24.32,-47.0,64.02,8.16
Maumere,74,ID,1600152074,58,-8.62,122.21,82.99,1.07
Cafarnaum,96,BR,1600152075,77,-11.69,-41.47,64.67,9.64
Faya,40,SA,1600152075,25,18.39,42.45,80.6,8.23
Beringovskiy,46,RU,1600152075,91,63.05,179.32,45.61,4.32
Lata,55,PT,1600152076,88,40.16,-8.33,60.01,2.98
Odienné,94,CI,1600152076,96,9.51,-7.57,70.2,3.24
Nouadhibou,29,MR,1600152076,57,20.93,-17.03,80.6,11.41
Buraidah,20,SA,1600152076,20,26.33,43.98,93.2,3.36
Aswān,0,EG,1600152076,20,24.09,32.91,94.35,15.12
Laguna,1,US,1600152077,68,38.42,-121.42,66.99,3.36
Faanui,3,PF,1600152077,75,-16.48,-151.75,78.12,12.86
Borovoy,100,RU,1600152077,58,55.43,86.08,59.0,4.47
Pangkalanbuun,0,ID,1600152077,40,-2.68,111.62,91.02,6.53
Mandan,90,US,1600152078,93,46.83,-100.89,66.99,7.27
Requena,16,ES,1600152078,94,39.49,-1.1,61.0,1.01
Ternate,100,ID,1600152078,79,0.8,127.4,81.7,10.92
Kiryat Gat,0,IL,1600152002,18,31.61,34.76,82.99,3.0
Mattru,91,SL,1600152079,98,7.62,-11.83,72.52,2.91
Vao,0,NC,1600152079,76,-22.67,167.48,69.22,19.06
Marquette,100,US,1600152079,79,46.53,-87.63,57.0,1.99
Puerto Ayora,98,EC,1600152079,93,-0.74,-90.35,66.0,5.01
Dicabisagan,100,PH,1600152080,80,17.08,122.42,82.17,9.31
Ardakān,0,IR,1600152080,15,32.31,54.02,80.6,2.24
Lac du Bonnet,100,CA,1600152080,99,50.25,-96.06,55.99,3.0
Kishapu,46,TZ,1600152081,37,-3.62,33.87,80.46,15.17
Kumul,2,CN,1600152081,15,42.8,93.45,77.72,0.69
La Palma,1,US,1600151974,53,33.85,-118.05,71.6,3.69
Vaini,20,TO,1600152081,83,-21.2,-175.2,71.6,4.7
Whitianga,1,NZ,1600151920,79,-36.83,175.7,57.99,8.01
Tutóia,99,BR,1600152082,73,-2.76,-42.27,76.95,13.56
Ikwiriri,88,TZ,1600152082,52,-7.96,38.97,85.77,5.91
Umeå,32,SE,1600152082,81,63.83,20.26,44.6,8.05
Luzhou,100,CN,1600152023,92,28.87,105.44,69.69,2.15
Tazovsky,100,RU,1600151922,69,67.47,78.7,56.48,15.82
Jimeta,100,NG,1600152083,85,9.28,12.47,76.23,2.73
Richards Bay,100,ZA,1600152083,75,-28.78,32.04,66.38,7.67
Quattro Castella,0,IT,1600152083,82,44.63,10.47,66.99,3.36
Airai,91,TL,1600152083,51,-8.93,125.41,71.08,5.91
Cherskiy,98,RU,1600152084,60,68.75,161.3,49.89,6.15
Saint George,1,US,1600152019,14,37.1,-113.58,80.6,6.93
Upernavik,0,GL,1600152084,78,72.79,-56.15,24.91,7.56
Ulladulla,20,AU,1600152084,77,-35.35,150.47,66.99,11.41
Kununurra,75,AU,1600152085,20,-15.77,128.73,96.8,9.17
Bathsheba,40,BB,1600152085,74,13.22,-59.52,82.4,16.11
Capão da Canoa,62,BR,1600152085,66,-29.75,-50.01,51.3,5.48
La Libertad,100,EC,1600152085,88,-2.23,-80.9,68.16,10.63
Aykhal,85,RU,1600152086,41,66.0,111.5,59.0,4.47
Redwater,1,US,1600152086,83,33.36,-94.25,73.99,10.29
Hermanus,0,ZA,1600152086,84,-34.42,19.23,48.99,1.99
Byron Bay,40,AU,1600152087,68,-28.65,153.62,69.8,12.75
Hefei,75,CN,1600151890,88,31.86,117.28,75.2,6.71
Dubrovnik,0,HR,1600152087,34,42.65,18.09,80.6,5.82
Nabire,85,ID,1600152087,79,-3.37,135.48,82.53,1.3
Vanavara,100,RU,1600152088,56,60.34,102.28,57.15,5.35
Narsaq,100,GL,1600152088,39,60.92,-46.05,50.0,28.86
Jishou,100,CN,1600152088,92,28.32,109.72,67.89,0.85
Pahrump,0,US,1600152088,24,36.21,-115.98,78.01,5.01
Moose Factory,90,CA,1600152088,81,51.26,-80.61,46.4,9.17
Nanortalik,100,GL,1600152089,79,60.14,-45.24,42.42,45.05
Benguela,90,AO,1600152089,83,-12.58,13.41,71.6,2.77
Khatanga,100,RU,1600152089,62,71.97,102.5,57.2,3.36
Lorengau,100,PG,1600152089,77,-2.02,147.27,83.75,8.21
Karpogory,89,RU,1600152090,80,64.0,44.45,50.56,8.79
Kot Addu,40,PK,1600152090,63,30.47,70.97,91.4,6.93
Catuday,100,PH,1600152091,73,16.29,119.81,85.53,3.65
Quatre Cocos,75,MU,1600152091,56,-20.21,57.76,71.01,16.11
Parrita,100,CR,1600152091,77,9.52,-84.32,69.8,11.41
Uvira,71,CD,1600152091,47,-3.41,29.15,80.8,1.81
Kerema,64,PG,1600152092,82,-7.96,145.78,79.56,11.5
Caucayá,100,CO,1600152092,98,-0.19,-74.78,72.45,2.06
Meulaboh,31,ID,1600152092,62,4.14,96.13,86.0,6.2
Conde,20,BR,1600152093,100,-7.26,-34.91,69.8,2.24
Havelock,90,US,1600152093,78,34.88,-76.9,71.6,12.75
Hong Kong,40,HK,1600151876,79,22.29,114.16,84.2,6.93
Avera,90,US,1600152093,92,33.19,-82.53,75.2,8.05
Lucapa,97,AO,1600152094,65,-8.42,20.74,75.72,3.49
Bījār,0,IR,1600152094,21,35.87,47.61,73.81,5.59
Siverek,0,TR,1600152094,37,37.76,39.32,82.4,6.93
College,90,US,1600152094,81,64.86,-147.8,50.0,4.7
Inírida,100,CO,1600152095,97,3.87,-67.92,73.74,1.45
Qaqortoq,100,GL,1600152095,39,60.72,-46.03,50.0,28.86
Singkang,20,MY,1600152095,74,2.1,102.8,86.0,5.82
Paranaíba,0,BR,1600152095,36,-19.68,-51.19,67.42,2.13
Cabedelo,20,BR,1600152073,100,-6.98,-34.83,69.8,2.24
São João do Paraíso,66,BR,1600152096,92,-15.31,-42.01,60.28,6.6
Kavaratti,20,IN,1600152096,79,10.57,72.64,84.2,9.17
Torbay,40,CA,1600152096,81,47.67,-52.73,53.01,8.05
Peleduy,2,RU,1600152096,47,59.63,112.74,60.22,12.08
Villacarrillo,0,ES,1600152097,71,38.12,-3.08,64.89,1.66
Daman,96,IN,1600152097,76,20.42,72.85,84.07,8.68
Tabou,34,CI,1600152097,90,4.42,-7.35,75.4,8.34
Nome,90,US,1600152097,93,64.5,-165.41,50.0,19.46
Lundazi,0,ZM,1600152098,28,-12.29,33.18,85.41,5.61
Dakar,40,SN,1600152098,94,14.69,-17.44,78.8,2.24
Cap Malheureux,95,MU,1600152098,55,-19.98,57.61,71.01,13.0
Barrow,90,US,1600152098,93,71.29,-156.79,37.4,12.75
Chateaubelair,40,VC,1600152099,79,13.28,-61.25,84.2,13.87
Elizabeth City,0,US,1600152099,92,36.29,-76.25,64.99,7.56
Bayan,23,CN,1600152099,59,46.08,127.4,70.25,3.15
Honningsvåg,95,NO,1600152099,84,70.98,25.97,47.03,5.68
Imeni Zhelyabova,0,RU,1600152100,67,58.95,36.6,53.82,11.36
Fortuna,75,US,1600152100,100,40.6,-124.16,57.99,5.82
Katsuura,100,JP,1600152042,70,35.13,140.3,80.01,3.0
Sovetskiy,99,RU,1600152100,80,61.36,63.58,53.55,8.01
Pevek,61,RU,1600152100,86,69.7,170.31,40.98,1.86
Port Macquarie,15,AU,1600152101,68,-31.43,152.92,69.01,4.0
Yeppoon,0,AU,1600152101,47,-23.13,150.73,77.0,12.75
Saint Anthony,1,US,1600152101,60,45.02,-93.22,70.0,13.87
Upata,21,VE,1600152102,90,8.01,-62.4,71.06,2.33
Severo-Kuril'sk,0,RU,1600152102,75,50.68,156.12,51.98,10.31
Tommot,100,RU,1600152102,56,58.96,126.29,55.0,5.99
Opuwo,0,NA,1600152102,25,-18.06,13.84,67.68,1.07
Den Helder,90,NL,1600152103,93,52.96,4.76,64.4,3.36
Knin,0,HR,1600152103,48,44.04,16.2,75.99,3.0
Srednekolymsk,96,RU,1600152103,73,67.45,153.68,49.86,11.79
Sinnamary,31,GF,1600152103,83,5.38,-52.95,77.11,3.0
Campbell River,90,CA,1600152104,93,50.02,-125.24,59.0,1.52
Cartagena del Chairá,100,CO,1600152104,95,1.33,-74.84,72.39,0.69
Comodoro Rivadavia,99,AR,1600152104,43,-45.87,-67.5,55.4,14.99
Arraial do Cabo,0,BR,1600152104,89,-22.97,-42.03,72.7,22.84
Tessalit,0,ML,1600152105,21,20.2,1.01,92.37,4.32
Ville-Marie,75,CA,1600152105,93,47.33,-79.43,37.4,2.24
Sampit,0,ID,1600152105,41,-2.53,112.95,91.96,7.23
Magomeni,82,TZ,1600152105,59,-6.8,39.25,83.8,7.58
Farafangana,69,MG,1600152106,76,-22.82,47.83,73.6,13.53
Te Anau,52,NZ,1600152106,82,-45.42,167.72,36.41,5.14
Barguzin,36,RU,1600152106,54,53.62,109.62,56.91,5.28
Sal Rei,40,CV,1600152106,83,16.18,-22.92,78.8,11.41
Trincomalee,68,LK,1600152107,58,8.57,81.23,90.57,14.34
Karratha,0,AU,1600151885,18,-20.74,116.85,94.59,18.52
Hobyo,0,SO,1600152107,64,5.35,48.53,84.67,23.26
Ribeira Grande,20,PT,1600152107,63,38.52,-28.7,62.6,6.93
Pala,97,TD,1600152107,92,9.36,14.9,72.66,6.6
Denpasar,20,ID,1600152108,58,-8.65,115.22,87.8,11.41
Maningrida,35,AU,1600152108,59,-12.07,134.27,83.48,15.48
Štětí,54,CZ,1600152108,82,50.45,14.37,63.0,13.87
Shimoda,75,JP,1600152108,83,34.67,138.95,77.0,6.93
Weligama,23,LK,1600152109,72,5.97,80.42,84.34,13.11
Luleå,0,SE,1600152067,87,65.58,22.15,44.6,6.93
Kahului,40,US,1600151881,69,20.89,-156.47,80.6,16.11
Patan,75,NP,1600151841,78,27.67,85.33,77.0,4.7
Ixtapa,98,MX,1600152109,96,20.7,-105.2,79.0,1.79
San Patricio,95,MX,1600152110,87,19.22,-104.7,79.72,4.29
Ambulu,100,ID,1600152110,58,-8.35,113.61,83.91,11.27
Waipawa,0,NZ,1600152110,54,-41.41,175.52,55.4,13.87
Tigil',80,RU,1600152110,73,57.8,158.67,50.68,8.41
Los Llanos de Aridane,99,ES,1600152111,69,28.66,-17.92,75.2,11.41
Nianzishan,100,CN,1600152111,94,47.52,122.88,61.0,4.7
Zhezkazgan,75,KZ,1600152111,27,47.8,67.71,73.4,22.37
Senno,5,RU,1600152111,68,59.53,33.92,52.95,10.8
Bud,1,US,1600152112,87,39.45,-86.18,59.0,3.36
Bitung,20,ID,1600151916,49,1.45,125.18,89.6,14.99
Mahajanga,100,MG,1600152112,30,-15.72,46.32,82.4,14.99
Lima,90,PE,1600151854,87,-12.04,-77.03,59.0,9.17
Novovarshavka,0,RU,1600152113,27,54.17,74.69,76.19,17.49
Sittwe,79,MM,1600152113,77,20.15,92.9,85.73,11.5
Antalaha,100,MG,1600152113,61,-14.9,50.28,77.58,10.71
Rudnaya Pristan',94,RU,1600152113,88,44.36,135.81,61.39,7.56
Zhigansk,51,RU,1600152114,61,66.77,123.37,53.42,12.64
Mnogovershinnyy,100,RU,1600152114,72,53.94,139.92,65.84,3.0
Salekhard,100,RU,1600152114,95,66.53,66.6,50.27,6.73
Hamilton,1,US,1600151817,87,39.18,-84.53,61.0,4.7
Daru,90,PG,1600152115,80,-9.08,143.21,79.11,17.83
Vanimo,100,PG,1600152115,72,-2.67,141.3,82.29,6.82
Mujiayingzi,100,CN,1600152115,92,42.12,118.78,56.32,1.59
Leningradskiy,100,RU,1600152115,95,69.38,178.42,40.48,9.42
Novonikolayevskiy,99,RU,1600152116,71,50.97,42.36,61.0,12.06
Khani,40,GE,1600152116,78,41.96,42.96,78.8,5.82
Chicama,46,PE,1600152116,87,-7.84,-79.15,59.36,3.4
Iralaya,88,HN,1600152116,83,15.0,-83.23,81.82,4.23
Kurchum,100,KZ,1600152117,20,48.57,83.65,74.05,6.69
Nortelândia,0,BR,1600152117,33,-14.45,-56.8,71.28,3.27
Sangar,60,RU,1600152117,69,63.92,127.47,50.81,10.94
Saldanha,0,ZA,1600152117,81,-33.01,17.94,44.6,3.36
Alofi,100,NU,1600152118,83,-19.06,-169.92,73.4,11.41
Brigantine,1,US,1600152118,66,39.41,-74.36,59.0,9.17
Lazurne,0,UA,1600152118,49,46.08,32.53,73.0,6.71
Mackenzie,1,CA,1600152118,100,55.3,-123.17,33.8,1.74
Karpathos,20,GR,1600152119,78,35.51,27.21,78.8,18.34
Poso,21,ID,1600152119,68,-1.4,120.75,83.79,4.52
Kenai,1,US,1600152119,87,60.55,-151.26,46.4,5.26
Alice Springs,59,AU,1600152119,15,-23.7,133.88,86.0,10.29
Arrondissement du Havre,0,FR,1600152120,72,49.58,0.33,66.2,1.12
Salalah,20,OM,1600151825,70,17.02,54.09,86.0,3.36
Akdağmadeni,23,TR,1600152120,51,39.66,35.88,66.94,9.26
Sørland,75,NO,1600152120,87,67.67,12.69,48.2,4.7
Guaraniaçu,88,BR,1600152121,93,-25.1,-52.88,60.69,2.35
Norsup,75,VU,1600152121,83,-16.07,167.38,78.8,6.93
Camargo,100,MX,1600152121,78,27.67,-105.17,68.05,9.44
Bambous Virieux,75,MU,1600152121,56,-20.34,57.76,71.01,16.11
Tuatapere,23,NZ,1600152121,84,-46.13,167.68,43.0,7.0
Narasannapeta,79,IN,1600152122,72,18.42,84.05,88.27,9.66
Shingū,20,JP,1600151947,78,33.73,135.98,78.8,6.93
Arrondissement de Saint-Denis,0,FR,1600152122,63,48.92,2.33,69.8,2.24
Qui Nhon,3,VN,1600152122,61,13.77,109.23,88.34,10.85
Pangai,20,TO,1600152123,78,-19.8,-174.35,73.4,11.41
Sironj,12,IN,1600152123,57,24.1,77.7,90.03,7.2
Naze,75,JP,1600152123,88,28.37,129.48,84.2,3.36
Severo-Yeniseyskiy,81,RU,1600152124,55,60.37,93.04,59.88,5.66
Andros Town,100,BS,1600152124,83,24.7,-77.77,80.6,2.24
Adré,76,TD,1600152200,67,13.47,22.2,79.21,7.58
Inhambane,0,MZ,1600152200,83,-23.86,35.38,75.2,11.41
Dauriya,100,RU,1600152200,36,49.93,116.87,63.1,10.8
Forsytheganj,40,BY,1600152200,81,52.63,29.73,63.23,9.82
Ahipara,69,NZ,1600152201,90,-35.17,173.17,57.58,10.09
Orël-Izumrud,20,RU,1600152201,65,43.46,39.92,80.6,2.24
Hendaye,20,FR,1600152201,88,43.37,-1.77,71.01,2.24
Eureka,0,US,1600152201,100,40.8,-124.16,57.0,3.56
Simcoe,0,CA,1600152160,93,42.83,-80.3,45.0,6.08
Luorong,41,CN,1600152202,63,24.41,109.61,89.82,5.68
Kawalu,99,ID,1600152202,55,-7.38,108.21,83.23,5.79
Hwange,0,ZW,1600152202,20,-18.37,26.5,82.87,4.94
Fallon,90,US,1600152203,36,39.47,-118.78,60.8,5.82
Rutana Province,76,BI,1600152203,49,-3.87,30.1,68.23,6.11
Verkhnyaya Toyma,100,RU,1600152204,89,62.23,45.0,47.43,8.19
Merauke,38,ID,1600152204,71,-8.47,140.33,81.99,23.51
Tura,94,IN,1600152005,92,25.52,90.22,79.2,4.54
Caldwell,1,US,1600152204,82,43.66,-116.69,60.01,2.8
Talcahuano,0,CL,1600152044,93,-36.72,-73.12,48.2,8.05
Ust-Kuyga,85,RU,1600152205,45,70.02,135.6,55.98,8.59
Norman Wells,90,CA,1600152205,80,65.28,-126.83,41.0,3.36
Saskylakh,0,RU,1600152205,48,71.92,114.08,57.63,2.57
Petropavlovsk-Kamchatskiy,0,RU,1600152199,66,53.05,158.65,66.2,13.42
Prykolotne,0,UA,1600152205,63,50.16,37.35,66.33,12.59
Rodrigues Alves,100,BR,1600152206,97,-7.74,-72.65,72.61,1.32
Arrondissement de Gap,3,FR,1600152206,81,44.67,6.0,59.0,2.04
Manokwari,92,ID,1600152012,69,-0.87,134.08,84.24,5.57
Camacha,20,PT,1600152206,82,33.08,-16.33,68.0,2.77
Deputatsky,13,RU,1600152207,56,69.3,139.9,47.64,6.17
Senanga,0,ZM,1600152207,16,-16.12,23.27,81.82,5.06
Amuntai,34,ID,1600152207,34,-2.42,115.25,94.57,5.03
Katobu,89,ID,1600152207,50,-4.94,122.53,85.68,8.68
Sibutad,99,PH,1600152208,81,8.61,123.48,80.73,8.01
Paraná,98,AR,1600152208,62,-31.73,-60.52,52.0,1.01
Comarapa,77,BO,1600152208,88,-17.9,-64.48,55.0,1.52
Arrondissement de Rodez,61,FR,1600152208,55,44.5,2.58,64.4,10.29
Machiques,99,VE,1600152209,75,10.06,-72.55,76.62,2.37
Gwadar,100,PK,1600152209,35,25.12,62.33,89.58,3.74
Kardamena,0,GR,1600152209,74,36.78,27.14,78.8,5.82
Pathein,46,MM,1600152209,66,16.78,94.73,89.51,6.69
Ukmerge,90,LT,1600152210,87,55.25,24.75,59.0,6.93
Najrān,40,SA,1600152210,22,17.49,44.13,87.8,11.72
San Policarpo,99,PH,1600152210,72,12.18,125.51,85.14,9.75
Peace River,90,CA,1600152210,86,56.25,-117.29,43.0,3.36
Manitouwadge,100,CA,1600152211,68,49.12,-85.84,42.66,4.72
Honiara,90,SB,1600152211,83,-9.43,159.95,78.8,10.29
Garden City,90,US,1600152211,81,42.33,-83.33,54.0,3.09
Balsas,94,BR,1600152211,48,-7.53,-46.04,72.75,4.14
Santa Lucía,20,ES,1600152212,83,27.91,-15.54,73.4,20.8
Makaha,1,US,1600152212,69,21.47,-158.22,80.01,8.75
Filingué,0,NE,1600152212,66,14.35,3.32,82.85,13.06
Preobrazheniye,100,RU,1600152212,87,42.9,133.91,61.99,4.72
Wiarton,90,CA,1600152213,93,44.74,-81.13,39.99,4.7
Uporovo,100,RU,1600152213,59,56.31,66.27,61.21,9.06
Itabira,0,BR,1600152213,84,-19.62,-43.23,56.23,0.63
Mīnjūr,75,IN,1600152213,74,13.27,80.27,84.2,8.05
Ciudad Guayana,40,VE,1600152214,84,8.35,-62.65,74.61,3.94
Kondinskoye,99,RU,1600152214,59,59.65,67.41,60.66,9.17
Hasaki,75,JP,1600152214,78,35.73,140.83,78.01,10.29
Kandi,78,BJ,1600152214,89,11.13,2.94,73.56,1.9
Cartagena,95,CO,1600152048,86,10.4,-75.51,81.39,6.6
Alyangula,75,AU,1600152215,51,-13.85,136.42,86.0,10.29
Royan,81,FR,1600152215,63,45.63,-1.03,68.0,4.7
Kholm-Zhirkovskiy,77,RU,1600152215,85,55.52,33.47,60.06,12.73
Chui,54,UY,1600152216,78,-33.7,-53.46,42.22,1.14
Butembo,11,CD,1600152216,89,0.15,29.28,67.26,1.79
Kailua,40,US,1600152216,65,21.4,-157.74,80.6,6.93
Mae Sot,40,TH,1600152216,62,16.72,98.57,89.6,5.82
Taoudenni,0,ML,1600152217,13,22.68,-3.98,97.43,14.74
Madimba,0,TZ,1600152217,58,-10.4,40.33,82.67,7.61
Óbidos,0,BR,1600152217,82,-1.92,-55.52,75.4,3.33
Balkhash,0,KZ,1600152217,35,46.84,74.98,71.6,11.18
Margate,0,GB,1600152079,92,51.38,1.39,66.0,1.01
Batemans Bay,5,AU,1600152218,74,-35.72,150.18,64.99,7.07
Mossoró,29,BR,1600152218,83,-5.19,-37.34,69.6,9.46
Malyn,75,UA,1600152218,87,50.77,29.24,60.8,4.47
Kaeo,97,NZ,1600152218,3,-35.1,173.78,60.01,5.01
Turka,37,UA,1600152219,59,49.15,23.03,66.99,1.99
Devonport,78,AU,1600152219,76,-41.17,146.35,57.99,12.91
Znamenskoye,63,RU,1600152219,63,57.13,73.83,61.39,7.74
Belmonte,75,BR,1600152219,88,-15.86,-38.88,71.6,3.36
Namatanai,100,PG,1600152220,78,-3.67,152.43,83.14,9.44
Nagrām,40,IN,1600152220,67,26.62,81.13,93.2,2.24
Santa Isabel Rio Negro,94,BR,1600152220,95,-0.41,-65.02,71.85,1.23
Todos Santos,19,MX,1600152220,84,23.45,-110.22,82.0,5.37
Oistins,40,BB,1600151997,74,13.07,-59.53,82.4,16.11
Caravelas,1,BR,1600152221,93,-17.71,-39.25,70.29,5.7
Amboasary,40,MG,1600152221,88,-25.03,46.38,69.8,16.11
Mingguang,96,CN,1600152221,81,32.78,117.96,73.9,7.85
Calama,3,CL,1600152222,53,-22.47,-68.93,51.8,10.29
The Valley,20,AI,1600152222,83,18.22,-63.06,82.4,6.93
Semnan,0,IR,1600152222,21,35.57,53.4,79.81,5.53
Erenhot,100,CN,1600152222,25,43.65,111.98,64.83,20.94
Xapuri,76,BR,1600152223,90,-10.65,-68.5,73.83,3.49
Kamina,0,CD,1600152224,44,-8.74,24.99,83.41,4.36
Umluj,0,SA,1600152224,29,25.02,37.27,98.6,10.2
Baruun-Urt,100,MN,1600152224,31,46.68,113.28,62.22,5.95
Chumikan,100,RU,1600152224,78,54.72,135.31,62.08,9.8
Westport,1,US,1600152215,62,41.14,-73.36,55.4,8.05
Ocós,100,GT,1600152225,93,14.51,-92.19,66.0,1.01
Boyolangu,0,ID,1600152225,48,-8.12,111.89,85.21,11.99
Port Lincoln,97,AU,1600152225,75,-34.73,135.87,57.76,8.03
Humberto de Campos,4,BR,1600152226,85,-2.6,-43.46,75.79,8.37
Washington,0,US,1600152013,57,47.5,-120.5,64.99,3.0
Jämsä,90,FI,1600152226,93,61.86,25.19,42.8,6.93
Khandyga,100,RU,1600152226,82,62.67,135.6,47.39,0.92
Polson,90,US,1600152226,87,47.69,-114.16,55.99,2.89
Catió,95,GW,1600152227,93,11.28,-15.25,76.66,5.46
Buala,100,SB,1600152227,82,-8.14,159.59,80.8,17.63
Maţāy,0,EG,1600152227,46,28.42,30.78,84.31,15.86
Garoua Boulaï,100,CM,1600152227,98,5.88,14.55,66.31,4.32
Malé,75,MV,1600152228,79,4.17,73.51,87.8,9.17
Železniki,34,SI,1600152228,93,46.23,14.17,62.01,1.12
Lipin Bor,4,RU,1600152228,71,60.26,37.98,51.73,13.69
Mandalgovi,94,MN,1600152228,49,45.76,106.27,48.67,22.93
Ponta Delgada,20,PT,1600152229,67,37.73,-25.67,62.6,8.05
Vega de Alatorre,40,MX,1600152229,77,20.03,-96.63,78.28,13.49
Kaniama,0,CD,1600152229,54,-7.57,24.18,81.64,4.92
Kalmunai,34,LK,1600152229,52,7.42,81.82,90.9,7.0
Idah,100,NG,1600152230,95,7.11,6.73,74.89,1.39
Taywarah,0,AF,1600152230,21,33.35,64.42,67.77,2.75
Hualmay,46,PE,1600152230,85,-11.1,-77.61,59.7,6.13
Mount Gambier,75,AU,1600152231,72,-37.83,140.77,59.0,6.93
Pangnirtung,93,CA,1600152231,79,66.15,-65.71,34.65,5.7
Queimadas,85,BR,1600152231,92,-10.98,-39.63,66.6,5.86
Dali,94,CN,1600152232,57,25.7,100.18,76.51,6.15
Vila do Maio,58,CV,1600152232,81,15.13,-23.22,79.83,14.79
Alihe,0,CN,1600152232,36,50.57,123.72,67.42,3.18
Lishan,77,CN,1600152232,70,31.86,113.3,77.94,1.63
Broome,1,US,1600152233,87,42.25,-75.83,43.0,3.2
Uppsala County,100,SE,1600152233,100,60.0,17.75,57.0,3.36
Charcas,55,MX,1600152233,88,23.13,-101.12,59.72,3.33
Fukuechō,75,JP,1600152234,78,32.69,128.84,78.8,5.82
Hammerfest,75,NO,1600152234,87,70.66,23.68,46.4,6.93
Belize,22,BZ,1600152234,80,17.25,-88.75,78.01,1.48
Djenné,27,ML,1600152234,71,13.91,-4.55,79.09,9.75
Half Moon Bay,90,US,1600152234,93,37.46,-122.43,61.0,3.89
Mount Isa,0,AU,1600151992,18,-20.73,139.5,87.8,13.87
Ayagoz,100,KZ,1600152235,23,47.97,80.44,74.1,18.01
Cam Ranh,20,VN,1600152235,59,11.92,109.16,93.2,9.17
Okhotsk,12,RU,1600152235,50,59.38,143.3,62.51,13.8
Constitución,0,CL,1600152236,81,-35.33,-72.42,51.3,3.69
Coari,100,BR,1600152236,90,-4.08,-63.14,74.43,2.73
Iwade,20,JP,1600152236,61,34.25,135.32,89.01,9.17
Vestmannaeyjar,75,IS,1600152236,87,63.44,-20.27,46.4,5.82
Upington,0,ZA,1600152237,42,-28.45,21.26,48.2,3.36
Zyryanka,100,RU,1600152237,53,65.75,150.85,51.58,5.59
Berlevåg,75,NO,1600152237,66,70.86,29.09,48.2,5.82
Novikovo,32,RU,1600152238,64,51.15,37.89,63.77,12.53
Sola,90,VU,1600152238,74,-13.88,167.55,82.4,13.87
Snåase,75,NO,1600152238,100,64.25,12.38,44.6,2.24
Santa María Malacatepec,100,MX,1600152239,94,18.93,-98.3,62.01,4.88
Teya,95,RU,1600152239,49,60.38,92.63,63.55,5.88
Cabo San Lucas,42,MX,1600151960,83,22.89,-109.91,82.99,9.71
Viçosa,0,BR,1600152239,68,-20.75,-42.88,60.31,2.33
Oakland,1,US,1600151961,93,42.67,-83.4,50.0,2.57
Ondangwa,0,NA,1600152240,23,-17.92,15.95,68.4,6.13
Kyrksæterøra,75,NO,1600152240,87,63.29,9.09,48.99,5.82
Kruisfontein,24,ZA,1600152240,59,-34.0,24.73,57.99,1.01
Heinola,55,FI,1600152240,87,61.21,26.04,48.99,6.93
Tatvan,0,TR,1600152241,28,38.51,42.28,73.4,2.24
San Jerónimo,14,PE,1600152241,68,-11.95,-75.28,47.73,1.83
Bitkine,59,TD,1600152242,70,11.98,18.21,78.03,3.15
Labuhan,31,ID,1600152242,53,-6.88,112.21,87.35,13.0
Mareeba,0,AU,1600152242,64,-17.0,145.43,77.0,7.0
Motala,12,SE,1600152242,93,58.54,15.04,57.99,3.36
Yuncheng,94,CN,1600152161,41,35.02,110.99,81.27,13.94
Oga,0,IT,1600152243,100,46.46,10.35,57.99,1.79
Tamandaré,10,BR,1600152243,84,-8.76,-35.1,73.72,10.38
Leshukonskoye,100,RU,1600152243,93,64.9,45.76,47.21,6.6
Puro,100,PH,1600152243,77,12.48,123.38,84.25,10.0
Araioses,74,BR,1600151964,78,-2.89,-41.9,74.32,12.17
Lavrentiya,100,RU,1600152244,96,65.58,-171.0,44.26,12.39
Banda Aceh,93,ID,1600152244,61,5.56,95.32,86.97,11.63
Puerto Escondido,100,MX,1600152245,77,15.85,-97.07,79.57,5.01
Oriximiná,0,BR,1600152245,82,-1.77,-55.87,75.79,3.87
Yanam,90,IN,1600152245,83,16.73,82.22,82.4,4.7
Kulhudhuffushi,100,MV,1600152245,76,6.62,73.07,82.62,12.93
Kjøllefjord,75,NO,1600152246,66,70.95,27.35,48.2,5.82
Evensk,99,RU,1600152246,69,61.95,159.23,47.75,6.42
Inta,9,RU,1600152246,70,66.03,60.17,53.44,8.48
Tiznit Province,100,MA,1600152246,45,29.58,-9.5,73.9,1.57
Muros,71,ES,1600152247,84,42.78,-9.06,66.0,7.0
Mumford,100,GH,1600152247,92,5.26,-0.76,74.73,7.09
